,created_at,url,id
0,2022-03-19T19:43:42Z,https://courses.bootcampspot.com/courses/1267/quizzes/5766/take?query_string_redacted,16896
1,2022-03-29T03:19:46Z,https://courses.bootcampspot.com/courses/1267/assignments/25214/submissions,16896
2,2022-04-10T18:23:21Z,https://courses.bootcampspot.com/courses/1267/assignments/25225/submissions,16896
3,2022-04-18T06:44:28Z,https://courses.bootcampspot.com/courses/1267/assignments/25231/submissions,16896
4,2022-04-24T01:39:02Z,https://courses.bootcampspot.com/courses/1267/assignments/25234/submissions,16896
5,2022-05-01T04:42:30Z,https://courses.bootcampspot.com/courses/1267/assignments/27436/submissions,16896
6,2022-05-08T23:44:01Z,https://courses.bootcampspot.com/courses/1267/assignments/25240/submissions,16896
7,2022-05-16T06:05:51Z,https://courses.bootcampspot.com/courses/1267/assignments/25242/submissions,16896
8,2022-05-23T06:23:27Z,https://courses.bootcampspot.com/courses/1267/assignments/25244/submissions,16896
9,2022-06-06T03:33:35Z,https://courses.bootcampspot.com/courses/1267/assignments/25215/submissions,16896
10,2022-06-13T06:54:09Z,https://courses.bootcampspot.com/courses/1267/assignments/25216/submissions,16896
11,2022-06-27T06:11:12Z,https://courses.bootcampspot.com/courses/1267/assignments/25218/submissions,16896
12,2022-07-01T23:09:44Z,https://courses.bootcampspot.com/courses/1267/assignments/25219/submissions,16896
13,2022-07-11T05:34:32Z,https://courses.bootcampspot.com/courses/1267/assignments/25220/submissions,16896
14,2022-07-18T04:10:20Z,https://courses.bootcampspot.com/courses/1267/assignments/25245/submissions,16896
15,2022-08-01T03:15:19Z,https://courses.bootcampspot.com/courses/1267/assignments/25222/submissions,16896
16,2022-08-07T18:17:51Z,https://courses.bootcampspot.com/courses/1267/assignments/25223/submissions,16896
17,2022-08-15T01:35:00Z,https://courses.bootcampspot.com/courses/1267/assignments/25227/submissions,16896
18,2022-08-19T04:21:58Z,https://courses.bootcampspot.com/courses/1267/assignments/25227/submissions,16896
0,2022-03-19T04:21:53Z,https://courses.bootcampspot.com/courses/1267/quizzes/5766/take?query_string_redacted,15255
1,2022-04-02T19:36:07Z,https://courses.bootcampspot.com/courses/1267/assignments/25214/submissions,15255
2,2022-04-07T11:38:25Z,https://courses.bootcampspot.com/courses/1267/assignments/25225/submissions,15255
3,2022-04-16T17:12:32Z,https://courses.bootcampspot.com/courses/1267/assignments/25231/submissions,15255
4,2022-04-21T22:48:37Z,https://courses.bootcampspot.com/courses/1267/assignments/25234/submissions,15255
5,2022-05-01T20:43:49Z,https://courses.bootcampspot.com/courses/1267/assignments/27436/submissions,15255
6,2022-05-07T22:34:42Z,https://courses.bootcampspot.com/courses/1267/assignments/25240/submissions,15255
7,2022-05-15T23:12:56Z,https://courses.bootcampspot.com/courses/1267/assignments/25242/submissions,15255
8,2022-05-22T16:45:48Z,https://courses.bootcampspot.com/courses/1267/assignments/25244/submissions,15255
9,2022-06-05T17:25:45Z,https://courses.bootcampspot.com/courses/1267/assignments/25215/submissions,15255
10,2022-06-12T22:41:10Z,https://courses.bootcampspot.com/courses/1267/assignments/25216/submissions,15255
11,2022-06-19T19:49:45Z,https://courses.bootcampspot.com/courses/1267/assignments/25217/submissions,15255
12,2022-06-26T18:35:43Z,https://courses.bootcampspot.com/courses/1267/assignments/25218/submissions,15255
13,2022-07-08T01:55:57Z,https://courses.bootcampspot.com/courses/1267/assignments/25219/submissions,15255
14,2022-07-08T16:19:22Z,https://courses.bootcampspot.com/courses/1267/assignments/25220/submissions,15255
15,2022-07-16T18:34:06Z,https://courses.bootcampspot.com/courses/1267/assignments/25245/submissions,15255
16,2022-07-18T21:59:46Z,https://courses.bootcampspot.com/courses/1267/assignments/25222/submissions,15255
17,2022-08-01T00:58:45Z,https://courses.bootcampspot.com/courses/1267/assignments/25223/submissions,15255
18,2022-08-04T23:29:23Z,https://courses.bootcampspot.com/courses/1267/assignments/25227/submissions,15255
0,2022-03-21T19:41:57Z,https://courses.bootcampspot.com/courses/1267/quizzes/5766/take?query_string_redacted,16434
1,2022-04-04T04:59:31Z,https://courses.bootcampspot.com/courses/1267/assignments/25214/submissions,16434
2,2022-04-11T05:12:50Z,https://courses.bootcampspot.com/courses/1267/assignments/25225/submissions,16434
3,2022-04-11T18:25:58Z,https://courses.bootcampspot.com/courses/1267/assignments/25225/submissions,16434
4,2022-04-20T02:47:19Z,https://courses.bootcampspot.com/courses/1267/assignments/25231/submissions,16434
5,2022-04-21T21:18:02Z,https://courses.bootcampspot.com/courses/1267/assignments/25231/submissions,16434
6,2022-05-02T18:04:50Z,https://courses.bootcampspot.com/courses/1267/assignments/25234/submissions,16434
7,2022-05-05T23:21:36Z,https://courses.bootcampspot.com/courses/1267/assignments/27436/submissions,16434
8,2022-05-10T20:58:27Z,https://courses.bootcampspot.com/courses/1267/assignments/25240/submissions,16434
9,2022-06-05T23:32:41Z,https://courses.bootcampspot.com/courses/1267/assignments/25214/submissions,16434
10,2022-06-08T23:18:33Z,https://courses.bootcampspot.com/courses/1267/assignments/25215/submissions,16434
11,2022-06-10T04:03:58Z,https://courses.bootcampspot.com/courses/1267/assignments/25242/submissions,16434
12,2022-07-01T13:18:44Z,https://courses.bootcampspot.com/courses/1267/assignments/25217/submissions,16434
13,2022-07-11T02:37:09Z,https://courses.bootcampspot.com/courses/1267/assignments/25218/submissions,16434
14,2022-07-11T20:49:57Z,https://courses.bootcampspot.com/courses/1267/assignments/25244/submissions,16434
15,2022-07-11T21:33:15Z,https://courses.bootcampspot.com/courses/1267/assignments/25216/submissions,16434
16,2022-07-17T22:06:03Z,https://courses.bootcampspot.com/courses/1267/assignments/25219/submissions,16434
17,2022-07-20T02:43:32Z,https://courses.bootcampspot.com/courses/1267/assignments/25245/submissions,16434
18,2022-07-27T03:07:55Z,https://courses.bootcampspot.com/courses/1267/assignments/25222/submissions,16434
19,2022-07-31T00:39:06Z,https://courses.bootcampspot.com/courses/1267/assignments/25223/submissions,16434
20,2022-08-10T03:23:48Z,https://courses.bootcampspot.com/courses/1267/assignments/25227/submissions,16434
0,2022-03-18T03:10:14Z,https://courses.bootcampspot.com/courses/1267/quizzes/5766/take?query_string_redacted,19178
1,2022-03-27T20:46:00Z,https://courses.bootcampspot.com/courses/1267/assignments/25214/submissions,19178
2,2022-04-09T03:18:14Z,https://courses.bootcampspot.com/courses/1267/assignments/25231/submissions,19178
3,2022-04-09T03:28:21Z,https://courses.bootcampspot.com/courses/1267/assignments/25225/submissions,19178
4,2022-04-15T22:20:37Z,https://courses.bootcampspot.com/courses/1267/assignments/25234/submissions,19178
5,2022-04-23T00:42:01Z,https://courses.bootcampspot.com/courses/1267/assignments/27436/submissions,19178
6,2022-04-27T23:12:57Z,https://courses.bootcampspot.com/courses/1267/assignments/25240/submissions,19178
7,2022-05-01T22:47:25Z,https://courses.bootcampspot.com/courses/1267/assignments/25242/submissions,19178
8,2022-05-22T20:16:51Z,https://courses.bootcampspot.com/courses/1267/assignments/25244/submissions,19178
9,2022-05-30T23:49:53Z,https://courses.bootcampspot.com/courses/1267/assignments/25215/submissions,19178
10,2022-06-08T23:57:51Z,https://courses.bootcampspot.com/courses/1267/assignments/25216/submissions,19178
11,2022-06-16T00:49:48Z,https://courses.bootcampspot.com/courses/1267/assignments/25217/submissions,19178
12,2022-06-18T18:57:53Z,https://courses.bootcampspot.com/courses/1267/assignments/25218/submissions,19178
13,2022-06-29T23:53:50Z,https://courses.bootcampspot.com/courses/1267/assignments/25219/submissions,19178
14,2022-07-16T18:45:48Z,https://courses.bootcampspot.com/courses/1267/assignments/25245/submissions,19178
15,2022-07-23T23:32:43Z,https://courses.bootcampspot.com/courses/1267/assignments/25222/submissions,19178
16,2022-08-04T23:26:49Z,https://courses.bootcampspot.com/courses/1267/assignments/25227/submissions,19178
17,2022-08-10T20:50:47Z,https://courses.bootcampspot.com/courses/1267/assignments/25229/submissions,19178
0,2022-03-18T03:22:14Z,https://courses.bootcampspot.com/courses/1267/quizzes/5766/take?query_string_redacted,18644
1,2022-03-27T02:46:10Z,https://courses.bootcampspot.com/courses/1267/assignments/25214/submissions,18644
2,2022-04-09T19:15:36Z,https://courses.bootcampspot.com/courses/1267/assignments/25225/submissions,18644
3,2022-04-17T01:59:49Z,https://courses.bootcampspot.com/courses/1267/assignments/25231/submissions,18644
4,2022-04-24T12:53:34Z,https://courses.bootcampspot.com/courses/1267/assignments/25234/submissions,18644
5,2022-04-29T01:38:06Z,https://courses.bootcampspot.com/courses/1267/assignments/27436/submissions,18644
6,2022-04-29T02:22:51Z,https://courses.bootcampspot.com/courses/1267/assignments/25240/submissions,18644
7,2022-05-16T04:06:55Z,https://courses.bootcampspot.com/courses/1267/assignments/25242/submissions,18644
8,2022-05-23T04:04:46Z,https://courses.bootcampspot.com/courses/1267/assignments/25244/submissions,18644
9,2022-06-06T05:24:38Z,https://courses.bootcampspot.com/courses/1267/assignments/25215/submissions,18644
10,2022-06-16T19:53:51Z,https://courses.bootcampspot.com/courses/1267/assignments/25216/submissions,18644
11,2022-06-19T19:47:53Z,https://courses.bootcampspot.com/courses/1267/assignments/25217/submissions,18644
12,2022-06-25T21:24:26Z,https://courses.bootcampspot.com/courses/1267/assignments/25218/submissions,18644
13,2022-07-04T15:13:28Z,https://courses.bootcampspot.com/courses/1267/assignments/25219/submissions,18644
14,2022-07-18T19:15:28Z,https://courses.bootcampspot.com/api/v1/courses/1267/assignments/25245/submissions,18644
15,2022-08-01T01:05:56Z,https://courses.bootcampspot.com/courses/1267/assignments/25222/submissions,18644
16,2022-08-09T03:04:27Z,https://courses.bootcampspot.com/courses/1267/assignments/25223/submissions,18644
17,2022-08-15T09:20:02Z,https://courses.bootcampspot.com/courses/1267/assignments/25227/submissions,18644
0,2022-03-20T02:14:41Z,https://courses.bootcampspot.com/courses/1267/quizzes/5766/take?query_string_redacted,16793
1,2022-04-04T04:17:32Z,https://courses.bootcampspot.com/courses/1267/assignments/25214/submissions,16793
2,2022-04-11T05:55:59Z,https://courses.bootcampspot.com/courses/1267/assignments/25225/submissions,16793
3,2022-04-25T02:51:03Z,https://courses.bootcampspot.com/courses/1267/assignments/25234/submissions,16793
4,2022-05-02T06:13:36Z,https://courses.bootcampspot.com/courses/1267/assignments/27436/submissions,16793
5,2022-05-09T08:05:49Z,https://courses.bootcampspot.com/courses/1267/assignments/25240/submissions,16793
6,2022-05-15T17:25:56Z,https://courses.bootcampspot.com/courses/1267/assignments/25242/submissions,16793
7,2022-05-23T14:45:43Z,https://courses.bootcampspot.com/courses/1267/assignments/25244/submissions,16793
8,2022-05-23T21:43:24Z,https://courses.bootcampspot.com/courses/1267/assignments/25244/submissions,16793
9,2022-06-06T03:50:54Z,https://courses.bootcampspot.com/courses/1267/assignments/25215/submissions,16793
10,2022-06-13T01:52:14Z,https://courses.bootcampspot.com/courses/1267/assignments/25216/submissions,16793
11,2022-06-20T04:19:19Z,https://courses.bootcampspot.com/courses/1267/assignments/25217/submissions,16793
12,2022-06-27T04:27:13Z,https://courses.bootcampspot.com/courses/1267/assignments/25218/submissions,16793
13,2022-07-04T04:04:07Z,https://courses.bootcampspot.com/courses/1267/assignments/25219/submissions,16793
14,2022-07-04T04:04:38Z,https://courses.bootcampspot.com/courses/1267/assignments/25219/submissions,16793
15,2022-07-11T03:25:45Z,https://courses.bootcampspot.com/courses/1267/assignments/25220/submissions,16793
16,2022-07-18T06:53:51Z,https://courses.bootcampspot.com/courses/1267/assignments/25245/submissions,16793
17,2022-07-31T22:51:28Z,https://courses.bootcampspot.com/courses/1267/assignments/25222/submissions,16793
18,2022-08-08T00:58:42Z,https://courses.bootcampspot.com/courses/1267/assignments/25223/submissions,16793
19,2022-08-15T01:50:29Z,https://courses.bootcampspot.com/courses/1267/assignments/25227/submissions,16793
0,2022-03-18T03:19:01Z,https://courses.bootcampspot.com/courses/1267/quizzes/5766/take?query_string_redacted,16716
1,2022-03-26T05:10:23Z,https://courses.bootcampspot.com/courses/1267/assignments/25214/submissions,16716
2,2022-04-06T01:51:22Z,https://courses.bootcampspot.com/courses/1267/assignments/25225/submissions,16716
3,2022-04-12T06:21:24Z,https://courses.bootcampspot.com/courses/1267/assignments/25231/submissions,16716
4,2022-04-18T08:26:23Z,https://courses.bootcampspot.com/courses/1267/assignments/25234/submissions,16716
5,2022-04-26T06:01:50Z,https://courses.bootcampspot.com/courses/1267/assignments/27436/submissions,16716
6,2022-05-09T01:41:21Z,https://courses.bootcampspot.com/courses/1267/assignments/25240/submissions,16716
7,2022-05-10T07:27:57Z,https://courses.bootcampspot.com/courses/1267/assignments/25242/submissions,16716
8,2022-05-22T16:45:57Z,https://courses.bootcampspot.com/courses/1267/assignments/25244/submissions,16716
9,2022-06-04T22:42:26Z,https://courses.bootcampspot.com/courses/1267/assignments/25215/submissions,16716
10,2022-06-13T00:04:30Z,https://courses.bootcampspot.com/courses/1267/assignments/25216/submissions,16716
11,2022-06-16T02:03:54Z,https://courses.bootcampspot.com/courses/1267/assignments/25217/submissions,16716
12,2022-06-27T00:04:16Z,https://courses.bootcampspot.com/courses/1267/assignments/25218/submissions,16716
13,2022-07-05T20:11:25Z,https://courses.bootcampspot.com/courses/1267/assignments/25219/submissions,16716
14,2022-07-11T06:51:59Z,https://courses.bootcampspot.com/courses/1267/assignments/25220/submissions,16716
15,2022-07-16T18:33:56Z,https://courses.bootcampspot.com/courses/1267/assignments/25245/submissions,16716
16,2022-07-17T09:25:57Z,https://courses.bootcampspot.com/courses/1267/assignments/25220/submissions,16716
17,2022-07-21T03:01:11Z,https://courses.bootcampspot.com/courses/1267/assignments/25222/submissions,16716
18,2022-08-16T07:17:38Z,https://courses.bootcampspot.com/courses/1267/assignments/25223/submissions,16716
0,2022-03-22T02:39:24Z,https://courses.bootcampspot.com/courses/1267/quizzes/5766/take?query_string_redacted,18296
1,2022-03-26T23:48:26Z,https://courses.bootcampspot.com/courses/1267/assignments/25214/submissions,18296
2,2022-04-04T04:47:56Z,https://courses.bootcampspot.com/courses/1267/assignments/25225/submissions,18296
3,2022-04-25T08:02:07Z,https://courses.bootcampspot.com/courses/1267/assignments/25231/submissions,18296
4,2022-05-07T21:32:21Z,https://courses.bootcampspot.com/courses/1267/assignments/25234/submissions,18296
5,2022-06-09T23:16:49Z,https://courses.bootcampspot.com/courses/1267/assignments/27436/submissions,18296
6,2022-06-21T01:55:28Z,https://courses.bootcampspot.com/courses/1267/assignments/25240/submissions,18296
7,2022-06-24T00:31:14Z,https://courses.bootcampspot.com/courses/1267/assignments/25240/submissions,18296
8,2022-06-26T07:50:40Z,https://courses.bootcampspot.com/courses/1267/assignments/25242/submissions,18296
9,2022-06-26T09:40:04Z,https://courses.bootcampspot.com/courses/1267/assignments/25215/submissions,18296
10,2022-07-07T10:08:33Z,https://courses.bootcampspot.com/courses/1267/assignments/25216/submissions,18296
11,2022-07-22T02:21:28Z,https://courses.bootcampspot.com/courses/1267/assignments/25245/submissions,18296
12,2022-07-24T04:12:18Z,https://courses.bootcampspot.com/courses/1267/assignments/25217/submissions,18296
13,2022-07-31T06:20:37Z,https://courses.bootcampspot.com/courses/1267/assignments/25222/submissions,18296
14,2022-08-13T10:45:45Z,https://courses.bootcampspot.com/courses/1267/assignments/25218/submissions,18296
0,2022-03-18T09:03:01Z,https://courses.bootcampspot.com/courses/1267/quizzes/5766/take?query_string_redacted,17531
1,2022-04-04T05:32:01Z,https://courses.bootcampspot.com/courses/1267/assignments/25214/submissions,17531
2,2022-04-11T04:39:32Z,https://courses.bootcampspot.com/courses/1267/assignments/25225/submissions,17531
3,2022-04-17T21:39:07Z,https://courses.bootcampspot.com/courses/1267/assignments/25231/submissions,17531
4,2022-04-24T05:16:26Z,https://courses.bootcampspot.com/courses/1267/assignments/25234/submissions,17531
5,2022-05-01T19:01:36Z,https://courses.bootcampspot.com/courses/1267/assignments/27436/submissions,17531
6,2022-05-09T07:03:20Z,https://courses.bootcampspot.com/courses/1267/assignments/25240/submissions,17531
7,2022-05-15T09:32:07Z,https://courses.bootcampspot.com/courses/1267/assignments/25242/submissions,17531
8,2022-05-22T19:54:45Z,https://courses.bootcampspot.com/courses/1267/assignments/25244/submissions,17531
9,2022-06-20T07:37:47Z,https://courses.bootcampspot.com/courses/1267/assignments/25215/submissions,17531
10,2022-07-04T14:26:40Z,https://courses.bootcampspot.com/courses/1267/assignments/25217/submissions,17531
11,2022-07-10T12:22:17Z,https://courses.bootcampspot.com/courses/1267/assignments/25219/submissions,17531
12,2022-07-19T18:46:08Z,https://courses.bootcampspot.com/courses/1267/assignments/25245/submissions,17531
13,2022-07-31T08:12:09Z,https://courses.bootcampspot.com/courses/1267/assignments/25222/submissions,17531
14,2022-08-13T19:59:38Z,https://courses.bootcampspot.com/courses/1267/assignments/25227/submissions,17531
15,2022-08-13T20:38:25Z,https://courses.bootcampspot.com/courses/1267/assignments/25223/submissions,17531
0,2022-03-20T03:54:24Z,https://courses.bootcampspot.com/courses/1267/quizzes/5766/take?query_string_redacted,18745
1,2022-04-06T02:23:30Z,https://courses.bootcampspot.com/courses/1267/assignments/25214/submissions,18745
2,2022-04-08T19:44:44Z,https://courses.bootcampspot.com/courses/1267/assignments/25225/submissions,18745
3,2022-05-02T19:28:59Z,https://courses.bootcampspot.com/courses/1267/assignments/25231/submissions,18745
4,2022-05-24T16:56:06Z,https://courses.bootcampspot.com/courses/1267/assignments/25244/submissions,18745
5,2022-05-26T18:19:03Z,https://courses.bootcampspot.com/courses/1267/assignments/25234/submissions,18745
6,2022-06-07T18:12:22Z,https://courses.bootcampspot.com/courses/1267/assignments/25234/submissions,18745
7,2022-06-17T23:00:07Z,https://courses.bootcampspot.com/courses/1267/assignments/27436/submissions,18745
8,2022-06-18T13:43:56Z,https://courses.bootcampspot.com/courses/1267/assignments/25240/submissions,18745
9,2022-06-23T17:40:29Z,https://courses.bootcampspot.com/courses/1267/assignments/25215/submissions,18745
10,2022-07-01T23:00:22Z,https://courses.bootcampspot.com/courses/1267/assignments/25217/submissions,18745
0,2022-03-18T02:19:42Z,https://courses.bootcampspot.com/courses/1267/quizzes/5766/take?query_string_redacted,9201
1,2022-04-01T21:44:17Z,https://courses.bootcampspot.com/courses/1267/assignments/25214/submissions,9201
2,2022-04-02T18:31:32Z,https://courses.bootcampspot.com/courses/1267/assignments/25214/submissions,9201
3,2022-04-08T22:58:06Z,https://courses.bootcampspot.com/courses/1267/assignments/25225/submissions,9201
4,2022-04-13T01:47:37Z,https://courses.bootcampspot.com/courses/1267/assignments/25225/submissions,9201
5,2022-04-17T21:10:15Z,https://courses.bootcampspot.com/courses/1267/assignments/25231/submissions,9201
6,2022-04-25T20:00:40Z,https://courses.bootcampspot.com/courses/1267/assignments/25234/submissions,9201
7,2022-05-02T21:20:57Z,https://courses.bootcampspot.com/courses/1267/assignments/27436/submissions,9201
8,2022-05-23T21:57:25Z,https://courses.bootcampspot.com/courses/1267/assignments/25244/submissions,9201
9,2022-06-01T21:56:07Z,https://courses.bootcampspot.com/courses/1267/assignments/25242/submissions,9201
10,2022-06-01T23:03:52Z,https://courses.bootcampspot.com/courses/1267/assignments/25240/submissions,9201
11,2022-07-05T20:14:27Z,https://courses.bootcampspot.com/courses/1267/assignments/25215/submissions,9201
12,2022-07-15T02:48:34Z,https://courses.bootcampspot.com/courses/1267/assignments/25245/submissions,9201
13,2022-07-30T16:48:39Z,https://courses.bootcampspot.com/courses/1267/assignments/25217/submissions,9201
14,2022-08-05T01:45:31Z,https://courses.bootcampspot.com/courses/1267/assignments/25227/submissions,9201
15,2022-08-06T20:50:55Z,https://courses.bootcampspot.com/courses/1267/assignments/25222/submissions,9201
16,2022-08-06T22:32:59Z,https://courses.bootcampspot.com/courses/1267/assignments/25216/submissions,9201
17,2022-08-10T02:05:16Z,https://courses.bootcampspot.com/courses/1267/assignments/25216/submissions,9201
18,2022-08-10T03:19:27Z,https://courses.bootcampspot.com/courses/1267/assignments/25227/submissions,9201
19,2022-08-10T03:22:40Z,https://courses.bootcampspot.com/courses/1267/assignments/25227/submissions,9201
20,2022-08-17T02:31:07Z,https://courses.bootcampspot.com/courses/1267/assignments/25229/submissions,9201
21,2022-08-17T03:36:45Z,https://courses.bootcampspot.com/courses/1267/assignments/25220/submissions,9201
0,2022-03-18T06:07:23Z,https://courses.bootcampspot.com/courses/1267/quizzes/5766/take?query_string_redacted,17075
1,2022-03-23T15:21:57Z,https://courses.bootcampspot.com/courses/1267/assignments/25214/submissions,17075
2,2022-03-24T19:02:28Z,https://courses.bootcampspot.com/courses/1267/assignments/25214/submissions,17075
3,2022-04-08T16:48:05Z,https://courses.bootcampspot.com/courses/1267/assignments/25225/submissions,17075
4,2022-04-17T20:08:02Z,https://courses.bootcampspot.com/courses/1267/assignments/25231/submissions,17075
5,2022-04-23T06:46:16Z,https://courses.bootcampspot.com/courses/1267/assignments/25234/submissions,17075
6,2022-04-27T20:05:23Z,https://courses.bootcampspot.com/courses/1267/assignments/27436/submissions,17075
7,2022-05-06T17:02:49Z,https://courses.bootcampspot.com/courses/1267/assignments/25240/submissions,17075
8,2022-05-23T06:23:30Z,https://courses.bootcampspot.com/courses/1267/assignments/25244/submissions,17075
9,2022-05-28T06:45:02Z,https://courses.bootcampspot.com/courses/1267/assignments/25242/submissions,17075
10,2022-05-29T19:55:39Z,https://courses.bootcampspot.com/courses/1267/assignments/25215/submissions,17075
11,2022-06-07T06:28:05Z,https://courses.bootcampspot.com/courses/1267/assignments/25216/submissions,17075
12,2022-06-20T19:11:24Z,https://courses.bootcampspot.com/courses/1267/assignments/25217/submissions,17075
13,2022-06-27T20:00:03Z,https://courses.bootcampspot.com/courses/1267/assignments/25218/submissions,17075
14,2022-06-28T21:02:16Z,https://courses.bootcampspot.com/courses/1267/assignments/25219/submissions,17075
15,2022-07-20T23:59:58Z,https://courses.bootcampspot.com/courses/1267/assignments/25245/submissions,17075
16,2022-07-27T00:32:50Z,https://courses.bootcampspot.com/courses/1267/assignments/25222/submissions,17075
17,2022-08-02T22:50:17Z,https://courses.bootcampspot.com/courses/1267/assignments/25223/submissions,17075
18,2022-08-09T18:47:54Z,https://courses.bootcampspot.com/courses/1267/assignments/25227/submissions,17075
0,2022-03-18T02:49:01Z,https://courses.bootcampspot.com/courses/1267/quizzes/5766/take?query_string_redacted,16802
1,2022-04-04T01:29:52Z,https://courses.bootcampspot.com/courses/1267/assignments/25214/submissions,16802
2,2022-04-11T06:30:35Z,https://courses.bootcampspot.com/courses/1267/assignments/25225/submissions,16802
3,2022-04-18T07:14:17Z,https://courses.bootcampspot.com/courses/1267/assignments/25231/submissions,16802
4,2022-04-25T03:06:46Z,https://courses.bootcampspot.com/courses/1267/assignments/25234/submissions,16802
5,2022-05-02T06:37:53Z,https://courses.bootcampspot.com/courses/1267/assignments/27436/submissions,16802
6,2022-05-06T07:36:55Z,https://courses.bootcampspot.com/courses/1267/assignments/25240/submissions,16802
7,2022-05-15T05:41:25Z,https://courses.bootcampspot.com/courses/1267/assignments/25242/submissions,16802
8,2022-05-22T22:51:11Z,https://courses.bootcampspot.com/courses/1267/assignments/25244/submissions,16802
9,2022-06-06T04:46:14Z,https://courses.bootcampspot.com/courses/1267/assignments/25215/submissions,16802
10,2022-06-12T06:15:09Z,https://courses.bootcampspot.com/courses/1267/assignments/25216/submissions,16802
11,2022-06-20T06:46:23Z,https://courses.bootcampspot.com/courses/1267/assignments/25217/submissions,16802
12,2022-06-27T06:46:07Z,https://courses.bootcampspot.com/courses/1267/assignments/25218/submissions,16802
13,2022-07-04T01:38:05Z,https://courses.bootcampspot.com/courses/1267/assignments/25219/submissions,16802
14,2022-07-11T06:55:19Z,https://courses.bootcampspot.com/courses/1267/assignments/25220/submissions,16802
15,2022-07-18T05:12:20Z,https://courses.bootcampspot.com/courses/1267/assignments/25245/submissions,16802
16,2022-08-01T05:10:16Z,https://courses.bootcampspot.com/courses/1267/assignments/25222/submissions,16802
17,2022-08-06T22:42:19Z,https://courses.bootcampspot.com/courses/1267/assignments/25223/submissions,16802
18,2022-08-11T20:01:51Z,https://courses.bootcampspot.com/courses/1267/assignments/25227/submissions,16802
0,2022-03-28T23:59:06Z,https://courses.bootcampspot.com/courses/1267/quizzes/5766/take?query_string_redacted,17309
1,2022-04-04T01:43:47Z,https://courses.bootcampspot.com/courses/1267/assignments/25214/submissions,17309
2,2022-04-12T03:27:05Z,https://courses.bootcampspot.com/courses/1267/assignments/25225/submissions,17309
3,2022-04-25T23:05:35Z,https://courses.bootcampspot.com/courses/1267/assignments/25231/submissions,17309
4,2022-04-26T00:54:50Z,https://courses.bootcampspot.com/courses/1267/assignments/25225/submissions,17309
5,2022-04-26T06:27:24Z,https://courses.bootcampspot.com/courses/1267/assignments/25234/submissions,17309
6,2022-05-11T09:11:14Z,https://courses.bootcampspot.com/courses/1267/assignments/27436/submissions,17309
7,2022-05-18T00:26:29Z,https://courses.bootcampspot.com/courses/1267/assignments/25240/submissions,17309
8,2022-05-25T02:05:59Z,https://courses.bootcampspot.com/courses/1267/assignments/25244/submissions,17309
9,2022-05-25T22:47:27Z,https://courses.bootcampspot.com/courses/1267/assignments/25234/submissions,17309
10,2022-06-14T17:38:38Z,https://courses.bootcampspot.com/courses/1267/assignments/25215/submissions,17309
11,2022-06-15T20:13:45Z,https://courses.bootcampspot.com/courses/1267/assignments/25215/submissions,17309
12,2022-06-15T21:37:15Z,https://courses.bootcampspot.com/courses/1267/assignments/25242/submissions,17309
13,2022-07-17T00:56:25Z,https://courses.bootcampspot.com/courses/1267/assignments/25218/submissions,17309
14,2022-07-17T00:57:56Z,https://courses.bootcampspot.com/courses/1267/assignments/25245/submissions,17309
0,2022-03-18T03:36:12Z,https://courses.bootcampspot.com/courses/1267/quizzes/5766/take?query_string_redacted,17706
1,2022-04-01T21:58:15Z,https://courses.bootcampspot.com/courses/1267/assignments/25214/submissions,17706
2,2022-04-08T21:12:57Z,https://courses.bootcampspot.com/courses/1267/assignments/25225/submissions,17706
3,2022-04-12T20:47:41Z,https://courses.bootcampspot.com/courses/1267/assignments/25231/submissions,17706
4,2022-04-20T17:50:55Z,https://courses.bootcampspot.com/courses/1267/assignments/25234/submissions,17706
5,2022-04-30T22:08:00Z,https://courses.bootcampspot.com/courses/1267/assignments/27436/submissions,17706
6,2022-05-04T22:41:19Z,https://courses.bootcampspot.com/courses/1267/assignments/25240/submissions,17706
7,2022-05-12T19:12:59Z,https://courses.bootcampspot.com/courses/1267/assignments/25242/submissions,17706
8,2022-05-13T22:44:24Z,https://courses.bootcampspot.com/courses/1267/assignments/25242/submissions,17706
9,2022-05-23T21:40:59Z,https://courses.bootcampspot.com/courses/1267/assignments/25244/submissions,17706
10,2022-06-03T17:11:54Z,https://courses.bootcampspot.com/courses/1267/assignments/25215/submissions,17706
11,2022-06-16T19:41:21Z,https://courses.bootcampspot.com/courses/1267/assignments/25217/submissions,17706
12,2022-06-20T23:38:40Z,https://courses.bootcampspot.com/courses/1267/assignments/25218/submissions,17706
13,2022-07-01T21:08:21Z,https://courses.bootcampspot.com/courses/1267/assignments/25219/submissions,17706
14,2022-07-05T22:13:14Z,https://courses.bootcampspot.com/courses/1267/assignments/25220/submissions,17706
15,2022-07-20T02:45:55Z,https://courses.bootcampspot.com/courses/1267/assignments/25245/submissions,17706
16,2022-08-01T04:14:53Z,https://courses.bootcampspot.com/courses/1267/assignments/25222/submissions,17706
17,2022-08-08T03:35:03Z,https://courses.bootcampspot.com/courses/1267/assignments/25223/submissions,17706
18,2022-08-08T22:27:03Z,https://courses.bootcampspot.com/courses/1267/assignments/25227/submissions,17706
19,2022-08-08T23:44:12Z,https://courses.bootcampspot.com/courses/1267/assignments/25222/submissions,17706
0,2022-03-18T02:49:06Z,https://courses.bootcampspot.com/courses/1267/quizzes/5766/take?query_string_redacted,16908
1,2022-04-04T06:40:20Z,https://courses.bootcampspot.com/courses/1267/assignments/25214/submissions,16908
2,2022-04-11T03:18:22Z,https://courses.bootcampspot.com/courses/1267/assignments/25225/submissions,16908
3,2022-05-23T05:23:32Z,https://courses.bootcampspot.com/courses/1267/assignments/25244/submissions,16908
4,2022-07-18T05:22:03Z,https://courses.bootcampspot.com/courses/1267/assignments/25245/submissions,16908
5,2022-08-15T04:07:47Z,https://courses.bootcampspot.com/courses/1267/assignments/25227/submissions,16908
0,2022-03-18T23:03:53Z,https://courses.bootcampspot.com/courses/1267/quizzes/5766/take?query_string_redacted,19054
1,2022-04-04T03:10:13Z,https://courses.bootcampspot.com/courses/1267/assignments/25214/submissions,19054
2,2022-04-10T23:59:55Z,https://courses.bootcampspot.com/courses/1267/assignments/25225/submissions,19054
3,2022-04-18T04:26:49Z,https://courses.bootcampspot.com/courses/1267/assignments/25231/submissions,19054
4,2022-04-25T04:56:38Z,https://courses.bootcampspot.com/courses/1267/assignments/25234/submissions,19054
5,2022-05-02T06:47:17Z,https://courses.bootcampspot.com/courses/1267/assignments/27436/submissions,19054
6,2022-05-08T17:49:30Z,https://courses.bootcampspot.com/courses/1267/assignments/27436/submissions,19054
7,2022-05-09T07:00:48Z,https://courses.bootcampspot.com/courses/1267/assignments/25240/submissions,19054
8,2022-05-16T05:46:39Z,https://courses.bootcampspot.com/courses/1267/assignments/25242/submissions,19054
9,2022-05-23T21:25:29Z,https://courses.bootcampspot.com/courses/1267/assignments/25244/submissions,19054
10,2022-05-30T05:16:42Z,https://courses.bootcampspot.com/courses/1267/assignments/25215/submissions,19054
11,2022-06-20T00:19:57Z,https://courses.bootcampspot.com/courses/1267/assignments/25216/submissions,19054
12,2022-06-22T21:22:27Z,https://courses.bootcampspot.com/courses/1267/assignments/25217/submissions,19054
13,2022-07-11T23:41:56Z,https://courses.bootcampspot.com/courses/1267/assignments/25217/submissions,19054
14,2022-07-13T21:04:49Z,https://courses.bootcampspot.com/courses/1267/assignments/25242/submissions,19054
15,2022-07-18T16:10:03Z,https://courses.bootcampspot.com/courses/1267/assignments/25245/submissions,19054
16,2022-07-20T03:09:11Z,https://courses.bootcampspot.com/courses/1267/assignments/25218/submissions,19054
17,2022-08-09T23:36:18Z,https://courses.bootcampspot.com/courses/1267/assignments/25222/submissions,19054
18,2022-08-15T05:42:56Z,https://courses.bootcampspot.com/courses/1267/assignments/25227/submissions,19054
19,2022-08-17T22:46:41Z,https://courses.bootcampspot.com/courses/1267/assignments/25227/submissions,19054
20,2022-08-17T23:10:09Z,https://courses.bootcampspot.com/courses/1267/assignments/25222/submissions,19054
21,2022-08-19T00:38:58Z,https://courses.bootcampspot.com/courses/1267/assignments/25223/submissions,19054
0,2022-03-19T17:09:00Z,https://courses.bootcampspot.com/courses/1267/quizzes/5766/take?query_string_redacted,16863
1,2022-04-16T18:29:17Z,https://courses.bootcampspot.com/courses/1267/assignments/25214/submissions,16863
0,2022-03-18T03:10:35Z,https://courses.bootcampspot.com/courses/1267/quizzes/5766/take?query_string_redacted,17293
1,2022-04-02T20:43:54Z,https://courses.bootcampspot.com/courses/1267/assignments/25214/submissions,17293
2,2022-04-11T05:36:29Z,https://courses.bootcampspot.com/courses/1267/assignments/25225/submissions,17293
3,2022-04-18T05:18:52Z,https://courses.bootcampspot.com/courses/1267/assignments/25231/submissions,17293
4,2022-04-25T05:21:54Z,https://courses.bootcampspot.com/courses/1267/assignments/25234/submissions,17293
5,2022-05-02T06:16:35Z,https://courses.bootcampspot.com/courses/1267/assignments/27436/submissions,17293
6,2022-05-05T01:05:34Z,https://courses.bootcampspot.com/courses/1267/assignments/27436/submissions,17293
7,2022-05-08T23:14:19Z,https://courses.bootcampspot.com/courses/1267/assignments/25240/submissions,17293
8,2022-05-15T20:20:29Z,https://courses.bootcampspot.com/courses/1267/assignments/25242/submissions,17293
9,2022-05-22T20:19:15Z,https://courses.bootcampspot.com/courses/1267/assignments/25244/submissions,17293
10,2022-06-05T23:14:14Z,https://courses.bootcampspot.com/courses/1267/assignments/25215/submissions,17293
11,2022-06-12T23:57:47Z,https://courses.bootcampspot.com/courses/1267/assignments/25216/submissions,17293
12,2022-06-20T05:32:51Z,https://courses.bootcampspot.com/courses/1267/assignments/25217/submissions,17293
13,2022-06-27T03:36:37Z,https://courses.bootcampspot.com/courses/1267/assignments/25218/submissions,17293
14,2022-07-04T06:15:26Z,https://courses.bootcampspot.com/courses/1267/assignments/25219/submissions,17293
15,2022-07-11T04:38:27Z,https://courses.bootcampspot.com/courses/1267/assignments/25220/submissions,17293
16,2022-07-18T02:43:22Z,https://courses.bootcampspot.com/courses/1267/assignments/25245/submissions,17293
17,2022-07-31T21:46:15Z,https://courses.bootcampspot.com/courses/1267/assignments/25222/submissions,17293
18,2022-08-08T00:43:20Z,https://courses.bootcampspot.com/courses/1267/assignments/25223/submissions,17293
19,2022-08-14T22:05:45Z,https://courses.bootcampspot.com/courses/1267/assignments/25227/submissions,17293
0,2022-03-17T23:52:22Z,https://courses.bootcampspot.com/courses/1267/quizzes/5766/take?query_string_redacted,16999
1,2022-03-28T14:47:35Z,https://courses.bootcampspot.com/courses/1267/assignments/25214/submissions,16999
2,2022-04-02T23:05:51Z,https://courses.bootcampspot.com/courses/1267/assignments/25225/submissions,16999
3,2022-04-03T17:22:11Z,https://courses.bootcampspot.com/courses/1267/assignments/25225/submissions,16999
4,2022-04-10T17:02:06Z,https://courses.bootcampspot.com/courses/1267/assignments/25231/submissions,16999
5,2022-04-18T15:31:19Z,https://courses.bootcampspot.com/courses/1267/assignments/25234/submissions,16999
6,2022-04-26T14:30:16Z,https://courses.bootcampspot.com/courses/1267/assignments/27436/submissions,16999
7,2022-05-01T21:38:58Z,https://courses.bootcampspot.com/courses/1267/assignments/25240/submissions,16999
8,2022-05-08T19:14:32Z,https://courses.bootcampspot.com/courses/1267/assignments/25242/submissions,16999
9,2022-05-23T04:47:42Z,https://courses.bootcampspot.com/courses/1267/assignments/25244/submissions,16999
10,2022-05-25T23:48:02Z,https://courses.bootcampspot.com/courses/1267/assignments/25215/submissions,16999
11,2022-06-05T16:16:55Z,https://courses.bootcampspot.com/courses/1267/assignments/25216/submissions,16999
12,2022-06-12T23:44:01Z,https://courses.bootcampspot.com/courses/1267/assignments/25217/submissions,16999
13,2022-06-22T02:53:05Z,https://courses.bootcampspot.com/courses/1267/assignments/25218/submissions,16999
14,2022-06-26T17:07:17Z,https://courses.bootcampspot.com/courses/1267/assignments/25219/submissions,16999
15,2022-07-05T14:51:23Z,https://courses.bootcampspot.com/courses/1267/assignments/25220/submissions,16999
16,2022-07-18T01:48:24Z,https://courses.bootcampspot.com/courses/1267/assignments/25245/submissions,16999
17,2022-07-18T23:35:23Z,https://courses.bootcampspot.com/courses/1267/assignments/25222/submissions,16999
18,2022-07-20T13:45:46Z,https://courses.bootcampspot.com/courses/1267/assignments/25245/submissions,16999
19,2022-07-25T14:04:50Z,https://courses.bootcampspot.com/courses/1267/assignments/25223/submissions,16999
20,2022-08-02T14:39:33Z,https://courses.bootcampspot.com/courses/1267/assignments/25227/submissions,16999
21,2022-08-07T16:39:57Z,https://courses.bootcampspot.com/courses/1267/assignments/25229/submissions,16999
22,2022-08-17T00:57:03Z,https://courses.bootcampspot.com/courses/1267/assignments/25229/submissions,16999
0,2022-03-18T06:24:03Z,https://courses.bootcampspot.com/courses/1267/quizzes/5766/take?query_string_redacted,16804
1,2022-04-03T23:16:12Z,https://courses.bootcampspot.com/courses/1267/assignments/25214/submissions,16804
2,2022-04-07T22:28:24Z,https://courses.bootcampspot.com/courses/1267/assignments/25225/submissions,16804
3,2022-04-12T07:44:48Z,https://courses.bootcampspot.com/courses/1267/assignments/25231/submissions,16804
4,2022-04-19T01:19:17Z,https://courses.bootcampspot.com/courses/1267/assignments/25231/submissions,16804
5,2022-04-19T21:46:46Z,https://courses.bootcampspot.com/courses/1267/assignments/25234/submissions,16804
6,2022-04-29T19:14:14Z,https://courses.bootcampspot.com/courses/1267/assignments/27436/submissions,16804
7,2022-04-30T00:30:04Z,https://courses.bootcampspot.com/courses/1267/assignments/25240/submissions,16804
8,2022-05-14T00:40:41Z,https://courses.bootcampspot.com/courses/1267/assignments/25242/submissions,16804
9,2022-05-23T18:37:32Z,https://courses.bootcampspot.com/courses/1267/assignments/25244/submissions,16804
10,2022-05-28T21:24:10Z,https://courses.bootcampspot.com/courses/1267/assignments/25215/submissions,16804
11,2022-06-07T22:42:53Z,https://courses.bootcampspot.com/courses/1267/assignments/25216/submissions,16804
12,2022-06-07T23:03:24Z,https://courses.bootcampspot.com/courses/1267/assignments/25217/submissions,16804
13,2022-06-24T00:25:48Z,https://courses.bootcampspot.com/courses/1267/assignments/25218/submissions,16804
14,2022-06-24T01:30:39Z,https://courses.bootcampspot.com/courses/1267/assignments/25219/submissions,16804
15,2022-07-06T22:49:29Z,https://courses.bootcampspot.com/courses/1267/assignments/25220/submissions,16804
16,2022-07-15T05:43:22Z,https://courses.bootcampspot.com/courses/1267/assignments/25220/submissions,16804
17,2022-07-21T01:01:27Z,https://courses.bootcampspot.com/courses/1267/assignments/25245/submissions,16804
18,2022-07-21T01:01:46Z,https://courses.bootcampspot.com/courses/1267/assignments/25245/submissions,16804
19,2022-07-29T23:55:26Z,https://courses.bootcampspot.com/courses/1267/assignments/25222/submissions,16804
20,2022-08-01T21:12:50Z,https://courses.bootcampspot.com/courses/1267/assignments/25223/submissions,16804
21,2022-08-06T00:53:05Z,https://courses.bootcampspot.com/courses/1267/assignments/25227/submissions,16804
22,2022-08-12T22:29:10Z,https://courses.bootcampspot.com/courses/1267/assignments/25229/submissions,16804
0,2022-03-18T02:51:14Z,https://courses.bootcampspot.com/courses/1267/quizzes/5766/take?query_string_redacted,16904
1,2022-04-05T06:21:20Z,https://courses.bootcampspot.com/courses/1267/assignments/25214/submissions,16904
2,2022-04-19T06:15:57Z,https://courses.bootcampspot.com/courses/1267/assignments/25225/submissions,16904
3,2022-05-23T05:57:46Z,https://courses.bootcampspot.com/courses/1267/assignments/25244/submissions,16904
4,2022-08-06T03:24:46Z,https://courses.bootcampspot.com/courses/1267/assignments/25214/submissions,16904
5,2022-08-08T02:03:05Z,https://courses.bootcampspot.com/courses/1267/assignments/25231/submissions,16904
6,2022-08-10T04:59:34Z,https://courses.bootcampspot.com/courses/1267/assignments/25234/submissions,16904
7,2022-08-10T06:53:10Z,https://courses.bootcampspot.com/courses/1267/assignments/25240/submissions,16904
8,2022-08-15T06:10:54Z,https://courses.bootcampspot.com/courses/1267/assignments/25242/submissions,16904
0,2022-03-21T21:26:25Z,https://courses.bootcampspot.com/courses/1267/quizzes/5766/take?query_string_redacted,18311
1,2022-03-27T22:36:24Z,https://courses.bootcampspot.com/courses/1267/assignments/25214/submissions,18311
2,2022-04-03T20:46:24Z,https://courses.bootcampspot.com/courses/1267/assignments/25225/submissions,18311
3,2022-04-14T22:14:43Z,https://courses.bootcampspot.com/courses/1267/assignments/25231/submissions,18311
4,2022-04-26T20:45:38Z,https://courses.bootcampspot.com/courses/1267/assignments/25234/submissions,18311
5,2022-05-01T21:18:11Z,https://courses.bootcampspot.com/courses/1267/assignments/27436/submissions,18311
6,2022-05-11T00:44:14Z,https://courses.bootcampspot.com/courses/1267/assignments/25240/submissions,18311
7,2022-05-16T00:18:24Z,https://courses.bootcampspot.com/courses/1267/assignments/25242/submissions,18311
8,2022-05-24T02:12:11Z,https://courses.bootcampspot.com/courses/1267/assignments/25244/submissions,18311
9,2022-06-18T19:49:45Z,https://courses.bootcampspot.com/courses/1267/assignments/25215/submissions,18311
10,2022-07-08T17:37:16Z,https://courses.bootcampspot.com/courses/1267/assignments/25216/submissions,18311
11,2022-07-09T17:51:07Z,https://courses.bootcampspot.com/courses/1267/assignments/25217/submissions,18311
12,2022-07-09T22:12:07Z,https://courses.bootcampspot.com/courses/1267/assignments/25218/submissions,18311
13,2022-07-20T00:34:18Z,https://courses.bootcampspot.com/courses/1267/assignments/25245/submissions,18311
0,2022-03-18T05:31:33Z,https://courses.bootcampspot.com/courses/1267/quizzes/5766/take?query_string_redacted,18211
1,2022-04-04T04:51:19Z,https://courses.bootcampspot.com/courses/1267/assignments/25214/submissions,18211
2,2022-04-06T01:48:36Z,https://courses.bootcampspot.com/courses/1267/assignments/25214/submissions,18211
3,2022-04-11T06:15:57Z,https://courses.bootcampspot.com/courses/1267/assignments/25225/submissions,18211
4,2022-04-18T01:53:04Z,https://courses.bootcampspot.com/courses/1267/assignments/25231/submissions,18211
5,2022-04-22T15:45:40Z,https://courses.bootcampspot.com/courses/1267/assignments/25231/submissions,18211
6,2022-04-24T20:49:05Z,https://courses.bootcampspot.com/courses/1267/assignments/25234/submissions,18211
7,2022-05-02T03:59:54Z,https://courses.bootcampspot.com/courses/1267/assignments/27436/submissions,18211
8,2022-05-08T22:23:41Z,https://courses.bootcampspot.com/courses/1267/assignments/25240/submissions,18211
9,2022-05-13T04:09:40Z,https://courses.bootcampspot.com/courses/1267/assignments/25242/submissions,18211
10,2022-05-22T17:39:19Z,https://courses.bootcampspot.com/courses/1267/assignments/25244/submissions,18211
11,2022-05-25T02:49:52Z,https://courses.bootcampspot.com/courses/1267/assignments/25215/submissions,18211
12,2022-05-29T17:13:22Z,https://courses.bootcampspot.com/courses/1267/assignments/25216/submissions,18211
13,2022-06-01T16:46:38Z,https://courses.bootcampspot.com/courses/1267/assignments/25217/submissions,18211
14,2022-06-19T17:07:19Z,https://courses.bootcampspot.com/courses/1267/assignments/25218/submissions,18211
15,2022-06-24T03:03:50Z,https://courses.bootcampspot.com/courses/1267/assignments/25219/submissions,18211
16,2022-07-10T16:57:16Z,https://courses.bootcampspot.com/courses/1267/assignments/25220/submissions,18211
17,2022-07-10T19:54:32Z,https://courses.bootcampspot.com/courses/1267/assignments/25222/submissions,18211
18,2022-07-10T22:28:05Z,https://courses.bootcampspot.com/courses/1267/assignments/25223/submissions,18211
19,2022-07-11T00:35:33Z,https://courses.bootcampspot.com/courses/1267/assignments/25227/submissions,18211
20,2022-07-11T02:15:41Z,https://courses.bootcampspot.com/courses/1267/assignments/25229/submissions,18211
21,2022-07-14T06:39:56Z,https://courses.bootcampspot.com/courses/1267/assignments/25222/submissions,18211
22,2022-07-17T00:48:13Z,https://courses.bootcampspot.com/courses/1267/assignments/25245/submissions,18211
23,2022-07-17T20:06:51Z,https://courses.bootcampspot.com/courses/1267/assignments/25245/submissions,18211
0,2022-03-18T03:07:39Z,https://courses.bootcampspot.com/courses/1267/quizzes/5766/take?query_string_redacted,19553
1,2022-03-25T22:33:35Z,https://courses.bootcampspot.com/courses/1267/assignments/25214/submissions,19553
2,2022-04-03T22:15:00Z,https://courses.bootcampspot.com/courses/1267/assignments/25225/submissions,19553
3,2022-04-11T01:29:15Z,https://courses.bootcampspot.com/courses/1267/assignments/25231/submissions,19553
4,2022-04-15T17:43:07Z,https://courses.bootcampspot.com/courses/1267/assignments/25234/submissions,19553
5,2022-04-22T17:44:25Z,https://courses.bootcampspot.com/courses/1267/assignments/27436/submissions,19553
6,2022-04-29T18:32:14Z,https://courses.bootcampspot.com/courses/1267/assignments/25240/submissions,19553
7,2022-05-06T18:13:02Z,https://courses.bootcampspot.com/courses/1267/assignments/25242/submissions,19553
8,2022-05-22T23:23:21Z,https://courses.bootcampspot.com/courses/1267/assignments/25244/submissions,19553
9,2022-06-01T01:08:51Z,https://courses.bootcampspot.com/courses/1267/assignments/25215/submissions,19553
10,2022-06-06T01:27:45Z,https://courses.bootcampspot.com/courses/1267/assignments/25216/submissions,19553
11,2022-06-13T00:02:08Z,https://courses.bootcampspot.com/courses/1267/assignments/25217/submissions,19553
12,2022-06-18T18:39:01Z,https://courses.bootcampspot.com/courses/1267/assignments/25218/submissions,19553
13,2022-06-28T02:01:27Z,https://courses.bootcampspot.com/courses/1267/assignments/25219/submissions,19553
14,2022-07-17T20:04:31Z,https://courses.bootcampspot.com/courses/1267/assignments/25245/submissions,19553
15,2022-07-24T19:52:33Z,https://courses.bootcampspot.com/courses/1267/assignments/25222/submissions,19553
16,2022-07-29T19:31:28Z,https://courses.bootcampspot.com/courses/1267/assignments/25223/submissions,19553
17,2022-08-08T23:38:08Z,https://courses.bootcampspot.com/courses/1267/assignments/25227/submissions,19553
18,2022-08-15T02:03:09Z,https://courses.bootcampspot.com/courses/1267/assignments/25229/submissions,19553
0,2022-03-19T18:13:27Z,https://courses.bootcampspot.com/courses/1267/quizzes/5766/take?query_string_redacted,18661
1,2022-04-01T21:41:22Z,https://courses.bootcampspot.com/courses/1267/assignments/25214/submissions,18661
2,2022-04-09T05:40:43Z,https://courses.bootcampspot.com/courses/1267/assignments/25225/submissions,18661
3,2022-04-10T17:18:24Z,https://courses.bootcampspot.com/courses/1267/assignments/25225/submissions,18661
4,2022-04-18T03:19:16Z,https://courses.bootcampspot.com/courses/1267/assignments/25231/submissions,18661
5,2022-04-18T16:26:28Z,https://courses.bootcampspot.com/courses/1267/assignments/25231/submissions,18661
6,2022-04-24T01:11:51Z,https://courses.bootcampspot.com/courses/1267/assignments/25234/submissions,18661
7,2022-04-30T21:12:50Z,https://courses.bootcampspot.com/courses/1267/assignments/27436/submissions,18661
8,2022-05-09T00:09:24Z,https://courses.bootcampspot.com/courses/1267/assignments/25240/submissions,18661
9,2022-05-16T02:57:46Z,https://courses.bootcampspot.com/courses/1267/assignments/25242/submissions,18661
10,2022-05-24T03:20:14Z,https://courses.bootcampspot.com/courses/1267/assignments/25244/submissions,18661
11,2022-06-05T18:14:59Z,https://courses.bootcampspot.com/courses/1267/assignments/25215/submissions,18661
12,2022-06-13T01:42:43Z,https://courses.bootcampspot.com/courses/1267/assignments/25216/submissions,18661
13,2022-06-19T21:42:42Z,https://courses.bootcampspot.com/courses/1267/assignments/25217/submissions,18661
14,2022-06-27T04:27:10Z,https://courses.bootcampspot.com/courses/1267/assignments/25218/submissions,18661
15,2022-07-04T04:23:05Z,https://courses.bootcampspot.com/courses/1267/assignments/25219/submissions,18661
16,2022-07-11T08:12:55Z,https://courses.bootcampspot.com/courses/1267/assignments/25220/submissions,18661
17,2022-07-18T05:29:23Z,https://courses.bootcampspot.com/courses/1267/assignments/25245/submissions,18661
18,2022-07-25T00:34:33Z,https://courses.bootcampspot.com/courses/1267/assignments/25222/submissions,18661
19,2022-08-01T01:24:36Z,https://courses.bootcampspot.com/courses/1267/assignments/25223/submissions,18661
20,2022-08-08T01:09:52Z,https://courses.bootcampspot.com/courses/1267/assignments/25227/submissions,18661
21,2022-08-15T06:06:28Z,https://courses.bootcampspot.com/courses/1267/assignments/25229/submissions,18661
0,2022-03-21T18:48:11Z,https://courses.bootcampspot.com/courses/1267/quizzes/5766/take?query_string_redacted,18431
1,2022-04-03T19:19:41Z,https://courses.bootcampspot.com/courses/1267/assignments/25214/submissions,18431
2,2022-04-08T21:53:12Z,https://courses.bootcampspot.com/courses/1267/assignments/25225/submissions,18431
3,2022-04-18T02:06:37Z,https://courses.bootcampspot.com/courses/1267/assignments/25231/submissions,18431
4,2022-04-22T21:57:17Z,https://courses.bootcampspot.com/courses/1267/assignments/25234/submissions,18431
5,2022-04-27T21:06:54Z,https://courses.bootcampspot.com/courses/1267/assignments/25234/submissions,18431
6,2022-04-30T19:16:10Z,https://courses.bootcampspot.com/courses/1267/assignments/27436/submissions,18431
7,2022-05-08T20:23:47Z,https://courses.bootcampspot.com/courses/1267/assignments/25240/submissions,18431
8,2022-05-15T23:05:38Z,https://courses.bootcampspot.com/courses/1267/assignments/25242/submissions,18431
9,2022-05-23T03:22:37Z,https://courses.bootcampspot.com/courses/1267/assignments/25244/submissions,18431
10,2022-06-05T22:07:09Z,https://courses.bootcampspot.com/courses/1267/assignments/25215/submissions,18431
11,2022-06-12T22:35:29Z,https://courses.bootcampspot.com/courses/1267/assignments/25216/submissions,18431
12,2022-06-14T22:41:29Z,https://courses.bootcampspot.com/courses/1267/assignments/25216/submissions,18431
13,2022-06-20T00:52:05Z,https://courses.bootcampspot.com/courses/1267/assignments/25217/submissions,18431
14,2022-06-26T20:55:34Z,https://courses.bootcampspot.com/courses/1267/assignments/25218/submissions,18431
15,2022-07-03T22:55:35Z,https://courses.bootcampspot.com/courses/1267/assignments/25219/submissions,18431
16,2022-07-18T01:12:22Z,https://courses.bootcampspot.com/courses/1267/assignments/25245/submissions,18431
17,2022-07-31T17:52:44Z,https://courses.bootcampspot.com/courses/1267/assignments/25222/submissions,18431
18,2022-08-07T20:22:31Z,https://courses.bootcampspot.com/courses/1267/assignments/25223/submissions,18431
19,2022-08-14T23:59:34Z,https://courses.bootcampspot.com/courses/1267/assignments/25227/submissions,18431
0,2022-03-18T03:43:28Z,https://courses.bootcampspot.com/courses/1267/quizzes/5766/take?query_string_redacted,16970
1,2022-04-14T21:00:00Z,https://courses.bootcampspot.com/courses/1267/assignments/25214/submissions,16970
2,2022-04-15T03:26:31Z,https://courses.bootcampspot.com/courses/1267/assignments/25225/submissions,16970
3,2022-04-28T22:18:32Z,https://courses.bootcampspot.com/courses/1267/assignments/25231/submissions,16970
4,2022-04-30T21:48:55Z,https://courses.bootcampspot.com/courses/1267/assignments/25234/submissions,16970
5,2022-05-07T02:44:39Z,https://courses.bootcampspot.com/courses/1267/assignments/27436/submissions,16970
6,2022-05-11T23:54:59Z,https://courses.bootcampspot.com/courses/1267/assignments/25240/submissions,16970
7,2022-05-15T22:05:26Z,https://courses.bootcampspot.com/courses/1267/assignments/25242/submissions,16970
8,2022-05-23T12:13:12Z,https://courses.bootcampspot.com/courses/1267/assignments/25244/submissions,16970
9,2022-06-03T04:42:32Z,https://courses.bootcampspot.com/courses/1267/assignments/25215/submissions,16970
10,2022-06-19T06:57:56Z,https://courses.bootcampspot.com/courses/1267/assignments/25216/submissions,16970
11,2022-06-24T22:26:17Z,https://courses.bootcampspot.com/courses/1267/assignments/25217/submissions,16970
12,2022-07-04T02:38:14Z,https://courses.bootcampspot.com/courses/1267/assignments/25218/submissions,16970
13,2022-07-11T05:05:29Z,https://courses.bootcampspot.com/courses/1267/assignments/25219/submissions,16970
14,2022-07-18T05:35:10Z,https://courses.bootcampspot.com/courses/1267/assignments/25245/submissions,16970
15,2022-08-14T22:08:32Z,https://courses.bootcampspot.com/courses/1267/assignments/25222/submissions,16970
0,2022-03-18T03:47:47Z,https://courses.bootcampspot.com/courses/1267/quizzes/5766/take?query_string_redacted,18888
1,2022-04-03T22:40:22Z,https://courses.bootcampspot.com/courses/1267/assignments/25214/submissions,18888
2,2022-04-11T05:49:08Z,https://courses.bootcampspot.com/courses/1267/assignments/25225/submissions,18888
3,2022-04-18T13:50:00Z,https://courses.bootcampspot.com/courses/1267/assignments/25231/submissions,18888
4,2022-04-26T13:57:42Z,https://courses.bootcampspot.com/courses/1267/assignments/25234/submissions,18888
5,2022-05-25T01:51:24Z,https://courses.bootcampspot.com/courses/1267/assignments/25244/submissions,18888
6,2022-07-20T02:44:52Z,https://courses.bootcampspot.com/courses/1267/assignments/25245/submissions,18888
0,2022-03-18T03:08:15Z,https://courses.bootcampspot.com/courses/1267/quizzes/5766/take?query_string_redacted,19382
1,2022-03-24T23:59:38Z,https://courses.bootcampspot.com/courses/1267/assignments/25214/submissions,19382
2,2022-04-02T19:15:41Z,https://courses.bootcampspot.com/courses/1267/assignments/25225/submissions,19382
3,2022-04-10T23:33:20Z,https://courses.bootcampspot.com/courses/1267/assignments/25231/submissions,19382
4,2022-04-16T20:04:41Z,https://courses.bootcampspot.com/courses/1267/assignments/25234/submissions,19382
5,2022-04-25T03:01:19Z,https://courses.bootcampspot.com/courses/1267/assignments/27436/submissions,19382
6,2022-04-29T02:37:40Z,https://courses.bootcampspot.com/courses/1267/assignments/25240/submissions,19382
7,2022-05-02T17:49:33Z,https://courses.bootcampspot.com/courses/1267/assignments/25242/submissions,19382
8,2022-05-22T16:48:36Z,https://courses.bootcampspot.com/courses/1267/assignments/25244/submissions,19382
9,2022-05-28T19:49:13Z,https://courses.bootcampspot.com/courses/1267/assignments/25215/submissions,19382
10,2022-06-04T20:28:29Z,https://courses.bootcampspot.com/courses/1267/assignments/25216/submissions,19382
11,2022-06-18T04:11:24Z,https://courses.bootcampspot.com/courses/1267/assignments/25217/submissions,19382
12,2022-06-18T23:12:03Z,https://courses.bootcampspot.com/courses/1267/assignments/25218/submissions,19382
13,2022-06-26T17:48:47Z,https://courses.bootcampspot.com/courses/1267/assignments/25219/submissions,19382
14,2022-07-05T18:14:04Z,https://courses.bootcampspot.com/courses/1267/assignments/25220/submissions,19382
15,2022-07-16T18:34:02Z,https://courses.bootcampspot.com/courses/1267/assignments/25245/submissions,19382
16,2022-07-23T14:37:16Z,https://courses.bootcampspot.com/courses/1267/assignments/25222/submissions,19382
17,2022-07-24T03:53:34Z,https://courses.bootcampspot.com/courses/1267/assignments/25223/submissions,19382
18,2022-07-30T02:13:32Z,https://courses.bootcampspot.com/courses/1267/assignments/25227/submissions,19382
19,2022-08-07T00:17:17Z,https://courses.bootcampspot.com/courses/1267/assignments/25229/submissions,19382
0,2022-03-18T02:46:58Z,https://courses.bootcampspot.com/courses/1267/quizzes/5766/take?query_string_redacted,17036
1,2022-03-28T01:59:44Z,https://courses.bootcampspot.com/courses/1267/assignments/25214/submissions,17036
2,2022-03-30T04:23:13Z,https://courses.bootcampspot.com/courses/1267/assignments/25214/submissions,17036
3,2022-04-10T23:04:20Z,https://courses.bootcampspot.com/courses/1267/assignments/25225/submissions,17036
4,2022-04-19T05:56:38Z,https://courses.bootcampspot.com/courses/1267/assignments/25231/submissions,17036
5,2022-05-04T08:23:12Z,https://courses.bootcampspot.com/courses/1267/assignments/25234/submissions,17036
6,2022-05-23T22:30:19Z,https://courses.bootcampspot.com/courses/1267/assignments/25244/submissions,17036
7,2022-06-11T15:42:25Z,https://courses.bootcampspot.com/courses/1267/assignments/25215/submissions,17036
8,2022-07-20T16:59:30Z,https://courses.bootcampspot.com/courses/1267/assignments/25245/submissions,17036
9,2022-08-16T17:15:47Z,https://courses.bootcampspot.com/courses/1267/assignments/25222/submissions,17036
0,2022-03-21T15:59:26Z,https://courses.bootcampspot.com/courses/1267/quizzes/5766/take?query_string_redacted,19035
1,2022-04-01T20:15:03Z,https://courses.bootcampspot.com/courses/1267/assignments/25214/submissions,19035
2,2022-04-10T20:33:38Z,https://courses.bootcampspot.com/courses/1267/assignments/25225/submissions,19035
3,2022-04-18T00:26:13Z,https://courses.bootcampspot.com/courses/1267/assignments/25231/submissions,19035
4,2022-04-20T21:55:25Z,https://courses.bootcampspot.com/courses/1267/assignments/25231/submissions,19035
5,2022-04-20T22:57:04Z,https://courses.bootcampspot.com/courses/1267/assignments/25231/submissions,19035
6,2022-04-21T22:52:22Z,https://courses.bootcampspot.com/courses/1267/assignments/25234/submissions,19035
7,2022-04-28T15:59:17Z,https://courses.bootcampspot.com/courses/1267/assignments/27436/submissions,19035
8,2022-05-09T03:18:48Z,https://courses.bootcampspot.com/courses/1267/assignments/25240/submissions,19035
9,2022-05-15T23:05:45Z,https://courses.bootcampspot.com/courses/1267/assignments/25242/submissions,19035
10,2022-05-23T17:52:49Z,https://courses.bootcampspot.com/courses/1267/assignments/25244/submissions,19035
11,2022-06-06T18:39:05Z,https://courses.bootcampspot.com/courses/1267/assignments/25215/submissions,19035
12,2022-06-20T23:35:28Z,https://courses.bootcampspot.com/courses/1267/assignments/25217/submissions,19035
13,2022-07-14T20:54:11Z,https://courses.bootcampspot.com/courses/1267/assignments/25219/submissions,19035
14,2022-07-18T17:11:56Z,https://courses.bootcampspot.com/courses/1267/assignments/25245/submissions,19035
15,2022-07-21T21:04:51Z,https://courses.bootcampspot.com/courses/1267/assignments/25218/submissions,19035
0,2022-03-20T15:31:31Z,https://courses.bootcampspot.com/courses/1267/quizzes/5766/take?query_string_redacted,17338
1,2022-03-31T17:42:31Z,https://courses.bootcampspot.com/courses/1267/assignments/25214/submissions,17338
2,2022-04-11T04:26:08Z,https://courses.bootcampspot.com/courses/1267/assignments/25225/submissions,17338
3,2022-04-18T00:52:03Z,https://courses.bootcampspot.com/courses/1267/assignments/25231/submissions,17338
4,2022-04-22T08:16:55Z,https://courses.bootcampspot.com/courses/1267/assignments/25234/submissions,17338
5,2022-05-01T17:38:28Z,https://courses.bootcampspot.com/courses/1267/assignments/27436/submissions,17338
6,2022-05-09T00:26:05Z,https://courses.bootcampspot.com/courses/1267/assignments/25240/submissions,17338
7,2022-05-15T16:30:53Z,https://courses.bootcampspot.com/courses/1267/assignments/25242/submissions,17338
8,2022-05-23T04:08:33Z,https://courses.bootcampspot.com/courses/1267/assignments/25244/submissions,17338
9,2022-06-05T02:25:01Z,https://courses.bootcampspot.com/courses/1267/assignments/25215/submissions,17338
10,2022-06-07T00:05:42Z,https://courses.bootcampspot.com/courses/1267/assignments/25216/submissions,17338
11,2022-06-12T19:55:32Z,https://courses.bootcampspot.com/courses/1267/assignments/25217/submissions,17338
12,2022-06-26T07:34:38Z,https://courses.bootcampspot.com/courses/1267/assignments/25218/submissions,17338
13,2022-07-03T22:58:47Z,https://courses.bootcampspot.com/courses/1267/assignments/25219/submissions,17338
14,2022-07-11T10:45:56Z,https://courses.bootcampspot.com/courses/1267/assignments/25220/submissions,17338
15,2022-07-12T04:56:51Z,https://courses.bootcampspot.com/courses/1267/assignments/25220/submissions,17338
16,2022-07-18T04:44:36Z,https://courses.bootcampspot.com/courses/1267/assignments/25245/submissions,17338
17,2022-07-31T00:36:27Z,https://courses.bootcampspot.com/courses/1267/assignments/25222/submissions,17338
18,2022-08-07T05:50:24Z,https://courses.bootcampspot.com/courses/1267/assignments/25223/submissions,17338
19,2022-08-15T06:44:54Z,https://courses.bootcampspot.com/courses/1267/assignments/25227/submissions,17338
0,2022-03-19T22:22:58Z,https://courses.bootcampspot.com/courses/1267/quizzes/5766/take?query_string_redacted,18675
1,2022-04-04T03:51:47Z,https://courses.bootcampspot.com/courses/1267/assignments/25214/submissions,18675
0,2022-03-18T03:09:35Z,https://courses.bootcampspot.com/courses/1267/quizzes/5766/take?query_string_redacted,17059
1,2022-03-27T01:17:01Z,https://courses.bootcampspot.com/courses/1267/assignments/25214/submissions,17059
2,2022-04-02T23:26:24Z,https://courses.bootcampspot.com/courses/1267/assignments/25214/submissions,17059
3,2022-04-04T04:09:35Z,https://courses.bootcampspot.com/courses/1267/assignments/25225/submissions,17059
4,2022-04-04T04:16:13Z,https://courses.bootcampspot.com/courses/1267/assignments/25225/submissions,17059
5,2022-04-17T19:30:07Z,https://courses.bootcampspot.com/courses/1267/assignments/25234/submissions,17059
6,2022-04-17T23:47:56Z,https://courses.bootcampspot.com/courses/1267/assignments/25231/submissions,17059
7,2022-05-02T15:37:47Z,https://courses.bootcampspot.com/courses/1267/assignments/27436/submissions,17059
8,2022-05-09T06:17:51Z,https://courses.bootcampspot.com/courses/1267/assignments/25240/submissions,17059
9,2022-05-16T02:30:21Z,https://courses.bootcampspot.com/courses/1267/assignments/25242/submissions,17059
10,2022-05-22T16:45:51Z,https://courses.bootcampspot.com/courses/1267/assignments/25244/submissions,17059
11,2022-06-06T04:10:12Z,https://courses.bootcampspot.com/courses/1267/assignments/25215/submissions,17059
12,2022-06-13T03:56:05Z,https://courses.bootcampspot.com/courses/1267/assignments/25216/submissions,17059
13,2022-06-19T16:15:41Z,https://courses.bootcampspot.com/courses/1267/assignments/25217/submissions,17059
14,2022-06-26T23:15:55Z,https://courses.bootcampspot.com/courses/1267/assignments/25218/submissions,17059
15,2022-07-03T08:33:37Z,https://courses.bootcampspot.com/courses/1267/assignments/25219/submissions,17059
16,2022-07-16T19:17:15Z,https://courses.bootcampspot.com/courses/1267/assignments/25245/submissions,17059
17,2022-07-16T22:33:22Z,https://courses.bootcampspot.com/courses/1267/assignments/25220/submissions,17059
18,2022-07-19T04:18:52Z,https://courses.bootcampspot.com/courses/1267/assignments/25222/submissions,17059
19,2022-07-21T15:26:40Z,https://courses.bootcampspot.com/courses/1267/assignments/25223/submissions,17059
20,2022-08-06T18:44:39Z,https://courses.bootcampspot.com/courses/1267/assignments/25227/submissions,17059
21,2022-08-07T16:58:43Z,https://courses.bootcampspot.com/courses/1267/assignments/25229/submissions,17059
0,2022-03-22T02:39:09Z,https://courses.bootcampspot.com/courses/1267/quizzes/5766/take?query_string_redacted,15622
1,2022-03-30T19:26:26Z,https://courses.bootcampspot.com/courses/1267/assignments/25214/submissions,15622
2,2022-04-07T19:11:49Z,https://courses.bootcampspot.com/courses/1267/assignments/25225/submissions,15622
3,2022-04-16T20:11:00Z,https://courses.bootcampspot.com/courses/1267/assignments/25231/submissions,15622
4,2022-04-23T13:28:18Z,https://courses.bootcampspot.com/courses/1267/assignments/25234/submissions,15622
5,2022-04-30T19:10:54Z,https://courses.bootcampspot.com/courses/1267/assignments/27436/submissions,15622
6,2022-05-09T02:53:32Z,https://courses.bootcampspot.com/courses/1267/assignments/25240/submissions,15622
7,2022-05-15T18:52:29Z,https://courses.bootcampspot.com/courses/1267/assignments/25242/submissions,15622
8,2022-05-23T03:25:08Z,https://courses.bootcampspot.com/courses/1267/assignments/25244/submissions,15622
9,2022-06-06T02:58:05Z,https://courses.bootcampspot.com/courses/1267/assignments/25215/submissions,15622
10,2022-06-13T02:39:22Z,https://courses.bootcampspot.com/courses/1267/assignments/25216/submissions,15622
11,2022-06-15T13:05:19Z,https://courses.bootcampspot.com/courses/1267/assignments/25216/submissions,15622
12,2022-06-20T01:43:35Z,https://courses.bootcampspot.com/courses/1267/assignments/25217/submissions,15622
13,2022-06-27T01:47:13Z,https://courses.bootcampspot.com/courses/1267/assignments/25218/submissions,15622
14,2022-07-04T07:59:15Z,https://courses.bootcampspot.com/courses/1267/assignments/25219/submissions,15622
15,2022-07-11T02:02:00Z,https://courses.bootcampspot.com/courses/1267/assignments/25220/submissions,15622
16,2022-07-18T01:44:29Z,https://courses.bootcampspot.com/courses/1267/assignments/25245/submissions,15622
17,2022-07-25T02:36:15Z,https://courses.bootcampspot.com/courses/1267/assignments/25222/submissions,15622
18,2022-08-08T03:26:30Z,https://courses.bootcampspot.com/courses/1267/assignments/25223/submissions,15622
19,2022-08-11T18:10:49Z,https://courses.bootcampspot.com/courses/1267/assignments/25223/submissions,15622
20,2022-08-11T18:43:51Z,https://courses.bootcampspot.com/courses/1267/assignments/25220/submissions,15622
21,2022-08-14T21:19:37Z,https://courses.bootcampspot.com/courses/1267/assignments/25227/submissions,15622
